"id","LC"
1001,0
1002,0
1003,0
1004,1
1005,0
1006,0
1007,1
1008,0
1009,0
1010,0
1011,0
1012,0
1013,0
1014,0
1015,1
1016,0
1017,1
1018,0
1019,1
1020,0
1021,1
1022,0
1023,0
1024,0
1025,0
1026,0
1027,0
1028,1
1029,0
1030,0
1031,0
1032,0
1033,0
1034,0
1035,0
1036,0
1037,0
1038,1
1039,1
1040,0
1041,1
1042,0
1043,0
1044,1
1045,1
1046,0
1047,1
1048,0
1049,1
1050,0
1051,0
1052,1
1053,0
1054,0
1055,0
1056,0
1057,0
1058,1
1059,0
1060,0
1061,0
1062,0
1063,0
1064,0
1065,0
1066,1
1067,0
1068,0
1069,0
1070,0
1071,0
1072,0
1073,0
1074,0
1075,0
1076,1
1077,1
1078,0
1079,0
1080,0
1081,0
1082,0
1083,0
1084,0
1085,0
1086,0
1087,1
1088,0
1089,0
1090,0
1091,0
1092,0
1093,1
1094,0
1095,0
1096,0
1097,1
1098,0
1099,0
1100,0
1101,0
1102,0
1103,0
1104,0
1105,1
1106,0
1107,0
1108,0
1109,1
1110,0
1111,0
1112,0
1113,0
1114,0
1115,0
1116,0
1117,1
1118,0
1119,0
1120,0
1121,0
1122,0
1123,0
1124,1
1125,0
1126,0
1127,0
1128,0
1129,0
1130,0
1131,0
1132,0
1133,0
1134,0
1135,0
1136,0
1137,0
1138,0
1139,0
1140,0
1141,0
1142,0
1143,0
1144,0
1145,0
1146,0
1147,0
1148,0
1149,0
1150,0
1151,0
1152,0
1153,0
1154,0
1155,0
1156,1
1157,1
1158,0
1159,0
1160,0
1161,0
1162,0
1163,0
1164,0
1165,0
1166,0
1167,0
1168,0
1169,1
1170,0
1171,0
1172,0
1173,0
1174,1
1175,0
1176,0
1177,0
1178,0
1179,0
1180,0
1181,0
1182,0
1183,0
1184,0
1185,1
1186,0
1187,0
1188,0
1189,0
1190,0
1191,0
1192,0
1193,0
1194,0
1195,0
1196,1
1197,0
1198,0
1199,0
1200,0
1201,0
1202,0
1203,0
1204,0
1205,0
1206,0
1207,0
1208,0
1209,0
1210,0
1211,0
1212,0
1213,0
1214,0
1215,0
1216,0
1217,0
1218,0
1219,0
1220,0
1221,0
1222,0
1223,0
1224,0
1225,0
1226,0
1227,0
1228,0
1229,0
1230,0
1231,0
1232,0
1233,0
1234,0
1235,0
1236,0
1237,0
1238,1
1239,0
1240,0
1241,0
1242,1
1243,0
1244,0
1245,0
1246,0
1247,0
1248,0
1249,0
1250,0
1251,0
1252,0
1253,0
1254,0
1255,0
1256,1
1257,0
1258,0
1259,0
1260,0
1261,0
1262,0
1263,0
1264,0
1265,0
1266,0
1267,1
1268,0
1269,0
1270,0
1271,0
1272,0
1273,0
1274,0
1275,1
1276,0
1277,0
1278,0
1279,0
1280,0
1281,0
1282,0
1283,1
1284,0
1285,0
1286,0
1287,0
1288,0
1289,0
1290,0
1291,0
1292,1
1293,0
1294,0
1295,0
1296,0
1297,1
1298,1
1299,1
1300,0
1301,0
1302,0
1303,1
1304,1
1305,0
1306,0
1307,1
1308,1
1309,0
1310,0
1311,0
1312,0
1313,0
1314,0
1315,0
1316,0
1317,0
1318,1
1319,0
1320,0
1321,0
1322,0
1323,1
1324,0
1325,0
1326,0
1327,0
1328,0
1329,0
1330,0
1331,0
1332,0
1333,0
1334,0
1335,0
1336,1
1337,0
1338,0
1339,0
1340,0
1341,0
1342,0
1343,0
1344,0
1345,0
1346,1
1347,0
1348,0
1349,1
1350,0
1351,1
1352,0
1353,1
1354,0
1355,1
1356,0
1357,0
1358,0
1359,0
1360,1
1361,0
1362,0
1363,0
1364,1
1365,1
1366,0
1367,0
1368,0
1369,0
1370,0
1371,1
1372,0
1373,0
1374,0
1375,1
1376,0
1377,0
1378,0
1379,0
1380,1
1381,0
1382,0
1383,1
1384,1
1385,0
1386,0
1387,0
1388,1
1389,1
1390,0
1391,1
1392,1
1393,1
1394,0
1395,0
1396,0
1397,0
1398,1
1399,0
1400,0
1401,0
1402,0
1403,0
1404,1
1405,0
1406,0
1407,0
1408,0
1409,1
1410,0
1411,0
1412,0
1413,1
1414,0
1415,0
1416,1
1417,0
1418,0
1419,1
1420,0
1421,0
1422,0
1423,0
1424,0
1425,0
1426,1
1427,0
1428,0
1429,0
1430,0
1431,0
1432,0
1433,0
1434,0
1435,1
1436,0
1437,0
1438,0
1439,0
1440,0
1441,0
1442,0
1443,0
1444,0
1445,1
1446,1
1447,0
1448,0
1449,0
1450,0
1451,0
1452,0
1453,1
1454,1
1455,0
1456,0
1457,1
1458,1
1459,1
1460,1
1461,1
1462,1
1463,0
1464,0
1465,0
1466,0
1467,0
1468,0
1469,0
1470,0
1471,0
1472,0
1473,0
1474,0
1475,1
1476,0
1477,1
1478,1
1479,0
1480,0
1481,0
1482,0
1483,0
1484,0
1485,0
1486,0
1487,0
1488,0
1489,0
1490,0
1491,0
1492,0
1493,0
1494,0
1495,0
1496,0
1497,0
1498,0
1499,0
1500,0
1501,0
1502,0
1503,0
1504,0
1505,0
1506,0
1507,1
1508,0
1509,1
1510,0
1511,0
1512,0
1513,0
1514,0
1515,0
1516,0
1517,0
1518,0
1519,0
1520,0
1521,0
1522,1
1523,0
1524,0
1525,0
1526,0
1527,0
1528,0
1529,0
1530,0
1531,0
1532,0
1533,0
1534,0
1535,0
1536,0
1537,0
1538,0
1539,1
1540,0
1541,0
1542,0
1543,0
1544,0
1545,0
1546,1
1547,0
1548,0
1549,1
1550,0
1551,0
1552,0
1553,0
1554,0
1555,0
1556,0
1557,0
1558,0
1559,0
1560,0
1561,0
1562,0
1563,0
1564,0
1565,0
1566,0
1567,0
1568,0
1569,0
1570,0
1571,0
1572,0
1573,1
1574,0
1575,0
1576,0
1577,0
1578,1
1579,0
1580,1
1581,0
1582,0
1583,0
1584,0
1585,0
1586,0
1587,0
1588,0
1589,0
1590,0
1591,0
1592,0
1593,0
1594,0
1595,0
1596,0
1597,0
1598,0
1599,0
1600,0
1601,1
1602,0
1603,0
1604,0
1605,0
1606,0
1607,0
1608,0
1609,0
1610,0
1611,0
1612,0
1613,0
1614,0
1615,0
1616,0
1617,0
1618,0
1619,0
1620,0
1621,0
1622,0
1623,0
1624,1
1625,0
1626,1
1627,0
1628,0
1629,0
1630,0
1631,0
1632,0
1633,0
1634,0
1635,0
1636,0
1637,0
1638,0
1639,0
1640,0
1641,0
1642,0
1643,0
1644,0
1645,0
1646,0
1647,0
1648,0
1649,0
1650,0
1651,0
1652,0
1653,1
1654,0
1655,0
1656,1
1657,0
1658,1
1659,0
1660,0
1661,0
1662,0
1663,0
1664,1
1665,0
1666,0
1667,0
1668,0
1669,0
1670,0
1671,1
1672,1
1673,0
1674,0
1675,0
1676,0
1677,0
1678,0
1679,1
1680,0
1681,0
1682,1
1683,1
1684,0
1685,0
1686,0
1687,0
1688,0
1689,0
1690,0
1691,0
1692,0
1693,0
1694,0
1695,0
1696,0
1697,0
1698,0
1699,0
1700,0
1701,0
1702,0
1703,0
1704,0
1705,0
1706,0
1707,0
1708,0
1709,0
1710,0
1711,0
1712,0
1713,0
1714,1
1715,0
1716,0
1717,0
1718,0
1719,0
1720,0
1721,0
1722,0
1723,0
1724,0
1725,0
1726,0
1727,0
1728,0
1729,0
1730,0
1731,0
1732,0
1733,0
1734,1
1735,0
1736,0
1737,0
1738,0
1739,0
1740,0
1741,0
1742,1
1743,0
1744,0
1745,1
1746,0
1747,0
1748,0
1749,0
1750,1
1751,0
1752,0
1753,0
1754,0
1755,0
1756,0
1757,0
1758,1
1759,0
1760,0
1761,0
1762,0
1763,0
1764,0
1765,0
1766,0
1767,0
1768,0
1769,0
1770,1
1771,0
1772,0
1773,0
1774,0
1775,0
1776,0
1777,0
1778,0
1779,1
1780,1
1781,0
1782,0
1783,0
1784,0
1785,0
1786,0
1787,0
1788,0
1789,0
1790,0
1791,0
1792,0
1793,0
1794,0
1795,0
1796,0
1797,0
1798,1
1799,0
1800,0
1801,0
1802,0
1803,0
1804,0
1805,0
1806,1
1807,0
1808,0
1809,0
1810,0
1811,0
1812,0
1813,0
1814,0
1815,0
1816,0
1817,1
1818,1
1819,0
1820,0
1821,0
1822,1
1823,0
1824,1
1825,0
1826,0
1827,1
1828,0
1829,0
1830,1
1831,0
1832,1
1833,0
1834,1
1835,0
1836,0
1837,0
1838,1
1839,0
1840,0
1841,1
1842,1
1843,0
1844,0
1845,1
1846,1
1847,0
1848,0
1849,0
1850,0
1851,0
1852,1
1853,0
1854,0
1855,1
1856,0
1857,1
1858,0
1859,1
1860,0
1861,0
1862,0
1863,1
1864,0
1865,0
1866,1
1867,0
1868,0
1869,0
1870,0
1871,0
1872,0
1873,0
1874,0
1875,0
1876,0
1877,0
1878,0
1879,0
1880,0
1881,0
1882,0
1883,0
1884,0
1885,0
1886,0
1887,0
1888,0
1889,0
1890,0
1891,0
1892,0
1893,0
1894,0
1895,0
1896,0
1897,0
1898,0
1899,0
1900,0
1901,0
1902,0
1903,0
1904,0
1905,0
1906,0
1907,1
1908,0
1909,0
1910,1
1911,0
1912,0
1913,1
1914,1
1915,0
1916,0
1917,1
1918,0
1919,0
1920,1
1921,1
1922,0
1923,1
1924,0
1925,0
1926,0
1927,0
1928,1
1929,0
1930,0
1931,1
1932,0
1933,1
1934,1
1935,0
1936,0
1937,0
1938,0
1939,1
1940,1
1941,0
1942,0
1943,0
1944,1
1945,1
1946,1
1947,0
1948,0
1949,0
1950,0
1951,0
1952,0
1953,0
1954,0
1955,0
1956,0
1957,0
1958,0
1959,0
1960,0
1961,0
1962,0
1963,0
1964,0
1965,1
1966,0
1967,0
1968,1
1969,0
1970,0
1971,0
1972,1
1973,1
1974,0
1975,0
1976,0
1977,0
1978,1
1979,0
1980,0
1981,0
1982,0
1983,0
1984,0
1985,0
1986,0
1987,0
1988,0
1989,0
1990,0
1991,0
1992,0
1993,0
1994,0
1995,0
1996,0
1997,0
1998,0
1999,1
2000,0
2001,0
2002,0
2003,1
2004,0
2005,0
2006,1
2007,0
2008,0
2009,0
2010,0
2011,0
2012,0
2013,0
2014,0
2015,1
2016,0
2017,0
2018,0
2019,0
2020,1
2021,0
2022,0
2023,0
2024,0
2025,1
2026,1
2027,0
2028,1
2029,0
2030,0
2031,0
2032,0
2033,1
2034,0
2035,0
2036,1
2037,0
2038,1
2039,0
2040,0
2041,0
2042,0
2043,0
2044,0
2045,0
2046,0
2047,0
2048,0
2049,0
2050,0
2051,0
2052,0
2053,0
2054,0
2055,0
2056,0
2057,0
2058,0
2059,0
2060,0
2061,0
2062,0
2063,0
2064,0
2065,0
2066,1
2067,0
2068,0
2069,0
2070,1
2071,0
2072,0
2073,0
2074,0
2075,0
2076,0
2077,0
2078,0
2079,1
2080,0
2081,0
2082,0
2083,0
2084,0
2085,0
2086,0
2087,1
2088,0
2089,1
2090,0
2091,1
2092,0
2093,0
2094,1
2095,1
2096,1
2097,0
2098,0
2099,1
2100,0
2101,0
2102,0
2103,0
2104,0
2105,0
2106,0
2107,0
2108,0
2109,0
2110,0
2111,0
2112,0
2113,0
2114,0
2115,0
2116,0
2117,0
2118,0
2119,0
2120,0
2121,0
2122,0
2123,0
2124,0
2125,0
2126,0
2127,0
2128,0
2129,0
2130,0
2131,0
2132,0
2133,0
2134,1
2135,0
2136,0
2137,0
2138,0
2139,0
2140,0
2141,0
2142,0
2143,0
2144,0
2145,0
2146,0
2147,0
2148,0
2149,0
2150,0
2151,0
2152,0
2153,0
2154,0
2155,0
2156,0
2157,0
2158,0
2159,0
2160,0
2161,0
2162,0
2163,0
2164,0
2165,0
2166,1
2167,0
2168,1
2169,0
2170,0
2171,0
2172,0
2173,0
2174,0
2175,0
2176,0
2177,0
2178,0
2179,0
2180,0
2181,0
2182,0
2183,0
2184,1
2185,0
2186,0
2187,0
2188,0
2189,0
2190,0
2191,0
2192,0
2193,0
2194,0
2195,0
2196,0
2197,0
2198,0
2199,0
2200,0
2201,0
2202,0
2203,0
2204,0
2205,0
2206,0
2207,0
2208,0
2209,0
2210,0
2211,0
2212,0
2213,0
2214,0
2215,0
2216,0
2217,0
2218,0
2219,0
2220,0
2221,0
2222,1
2223,0
2224,0
2225,0
2226,0
2227,0
2228,0
2229,0
2230,0
2231,0
2232,0
2233,0
2234,0
2235,0
2236,0
2237,0
2238,0
2239,0
2240,1
2241,0
2242,0
2243,0
2244,1
2245,0
2246,0
2247,0
2248,0
2249,0
2250,0
2251,0
2252,0
2253,1
2254,0
2255,0
2256,0
2257,0
2258,0
2259,0
2260,0
2261,0
2262,0
2263,0
2264,0
2265,0
2266,0
2267,0
2268,1
2269,0
2270,0
2271,0
2272,0
2273,0
2274,0
2275,0
2276,0
2277,1
2278,0
2279,0
2280,0
2281,0
2282,0
2283,0
2284,0
2285,0
2286,0
2287,0
2288,0
2289,0
2290,1
2291,0
2292,0
2293,1
2294,0
2295,0
2296,0
2297,0
2298,0
2299,0
2300,0
2301,0
2302,0
2303,0
2304,0
2305,0
2306,0
2307,0
2308,1
2309,0
2310,0
2311,0
2312,0
2313,0
2314,1
2315,0
2316,0
2317,0
2318,0
2319,0
2320,0
2321,0
2322,0
2323,0
2324,0
2325,0
2326,0
2327,0
2328,0
2329,1
2330,0
2331,0
2332,1
2333,0
2334,0
2335,0
2336,1
2337,0
2338,0
2339,0
2340,0
2341,0
2342,0
2343,1
2344,0
2345,0
2346,0
2347,0
2348,0
2349,0
2350,0
2351,0
2352,0
2353,0
2354,0
2355,0
2356,0
2357,0
2358,1
2359,0
2360,0
2361,0
2362,0
2363,0
2364,0
2365,0
2366,0
2367,0
2368,0
2369,0
2370,0
2371,0
2372,0
2373,0
2374,1
2375,0
2376,0
2377,0
2378,1
2379,0
2380,0
2381,0
2382,0
2383,0
2384,0
2385,0
2386,0
2387,0
2388,0
2389,0
2390,0
2391,0
2392,0
2393,0
2394,0
2395,0
2396,0
2397,0
2398,0
2399,1
2400,0
2401,0
2402,0
2403,0
2404,0
2405,1
2406,0
2407,1
2408,0
2409,0
2410,0
2411,0
2412,0
2413,0
2414,0
2415,0
2416,0
2417,0
2418,0
2419,0
2420,1
2421,0
2422,0
2423,0
2424,0
2425,0
2426,0
2427,0
2428,0
2429,0
2430,0
2431,0
2432,1
2433,0
2434,0
2435,1
2436,1
2437,0
2438,0
2439,0
2440,0
2441,0
2442,0
2443,0
2444,0
2445,0
2446,1
2447,1
2448,0
2449,1
2450,0
2451,0
2452,0
2453,1
2454,0
2455,0
2456,0
2457,0
2458,0
2459,0
2460,0
2461,0
2462,0
2463,1
2464,0
2465,0
2466,0
2467,0
2468,1
2469,0
2470,0
2471,0
2472,0
2473,0
2474,0
2475,0
2476,0
2477,1
2478,0
2479,0
2480,0
2481,1
2482,0
2483,0
2484,0
2485,0
2486,0
2487,0
2488,0
2489,0
2490,0
2491,0
2492,0
2493,0
2494,0
2495,0
2496,0
2497,0
2498,0
2499,0
2500,0
2501,0
2502,0
2503,0
2504,0
2505,0
2506,0
2507,0
2508,0
2509,0
2510,0
2511,0
2512,0
2513,0
2514,0
2515,0
2516,0
2517,0
2518,0
2519,0
2520,0
2521,0
2522,0
2523,0
2524,0
2525,0
2526,0
2527,0
2528,0
2529,0
2530,0
2531,0
2532,0
2533,0
2534,0
2535,0
2536,0
2537,0
2538,0
2539,0
2540,0
2541,0
2542,0
2543,0
2544,0
2545,0
2546,0
2547,0
2548,0
2549,0
2550,0
2551,1
2552,1
2553,0
2554,1
2555,0
2556,1
2557,0
2558,1
2559,1
2560,0
2561,0
2562,1
2563,0
2564,0
2565,0
2566,0
2567,0
2568,0
2569,0
2570,0
2571,0
2572,0
2573,0
2574,0
2575,0
2576,0
2577,0
2578,0
2579,1
2580,0
2581,1
2582,0
2583,0
2584,0
2585,0
2586,0
2587,0
2588,1
2589,0
2590,0
2591,0
2592,0
2593,0
2594,0
2595,0
2596,0
2597,0
2598,0
2599,0
2600,0
2601,0
2602,0
2603,1
2604,1
2605,0
2606,0
2607,1
2608,1
2609,0
2610,0
2611,0
2612,0
2613,0
2614,0
2615,0
2616,0
2617,0
2618,0
2619,0
2620,0
2621,0
2622,0
2623,1
2624,0
2625,0
2626,0
2627,0
2628,0
2629,0
2630,0
2631,0
2632,0
2633,0
2634,0
2635,0
2636,0
2637,0
2638,0
2639,0
2640,0
2641,0
2642,0
2643,0
2644,0
2645,1
2646,0
2647,0
2648,0
2649,0
2650,1
2651,1
2652,0
2653,1
2654,0
2655,0
2656,0
2657,0
2658,0
2659,1
2660,0
2661,0
2662,0
2663,1
2664,0
2665,0
2666,1
2667,0
2668,1
2669,1
2670,0
2671,1
2672,1
2673,0
2674,0
2675,0
2676,1
2677,0
2678,1
2679,1
2680,1
2681,0
2682,0
2683,0
2684,0
2685,0
2686,1
2687,0
2688,0
2689,0
2690,0
2691,0
2692,0
2693,0
2694,0
2695,0
2696,0
2697,0
2698,0
2699,0
2700,0
2701,0
2702,0
2703,0
2704,0
2705,0
2706,0
2707,0
2708,0
2709,0
2710,0
2711,0
2712,0
2713,0
2714,0
2715,0
2716,0
2717,0
2718,0
2719,0
2720,0
2721,0
2722,0
2723,0
2724,0
2725,0
2726,0
2727,0
2728,0
2729,0
2730,0
2731,0
2732,0
2733,0
2734,0
2735,0
2736,0
2737,0
2738,0
2739,0
2740,0
2741,0
2742,0
2743,0
2744,0
2745,0
2746,0
2747,0
2748,0
2749,0
2750,0
2751,0
2752,1
2753,0
2754,0
2755,0
2756,0
2757,1
2758,0
2759,0
2760,1
2761,0
2762,0
2763,0
2764,0
2765,0
2766,0
2767,0
2768,0
2769,0
2770,0
2771,0
2772,0
2773,0
2774,0
2775,0
2776,0
2777,0
2778,0
2779,0
2780,0
2781,0
2782,0
2783,0
2784,0
2785,0
2786,0
2787,0
2788,0
2789,0
2790,1
2791,0
2792,1
2793,0
2794,1
2795,0
2796,1
2797,0
2798,0
2799,0
2800,0
2801,0
2802,0
2803,0
2804,0
2805,0
2806,1
2807,0
2808,0
2809,0
2810,1
2811,0
2812,0
2813,0
2814,1
2815,0
2816,1
2817,0
2818,1
2819,0
2820,0
2821,1
2822,0
2823,0
2824,0
2825,1
2826,0
2827,1
2828,0
2829,1
2830,0
2831,0
2832,0
2833,0
2834,0
2835,1
2836,0
2837,0
2838,0
2839,0
2840,0
2841,0
2842,0
2843,0
2844,0
2845,0
2846,0
2847,0
2848,1
2849,0
2850,1
2851,1
2852,0
2853,0
2854,0
2855,1
2856,0
2857,0
2858,1
2859,0
2860,1
2861,0
2862,1
2863,0
2864,1
2865,0
2866,0
2867,1
2868,1
2869,0
2870,0
2871,0
2872,0
2873,0
2874,0
2875,0
2876,0
2877,0
2878,1
2879,0
2880,1
2881,0
2882,1
2883,0
2884,1
2885,0
2886,0
2887,0
2888,1
2889,1
2890,0
2891,0
2892,1
2893,0
2894,0
2895,0
2896,1
2897,0
2898,1
2899,0
2900,0
2901,0
2902,0
2903,0
2904,1
2905,0
2906,0
2907,0
2908,0
2909,0
2910,1
2911,0
2912,0
2913,0
2914,0
2915,0
2916,0
2917,0
2918,1
2919,0
2920,0
2921,0
2922,0
2923,1
2924,0
2925,1
2926,0
2927,0
2928,0
2929,0
2930,1
2931,0
2932,0
2933,0
2934,0
2935,1
2936,1
2937,1
2938,1
2939,0
2940,1
2941,0
2942,0
2943,0
2944,1
2945,0
2946,0
2947,0
2948,0
2949,0
2950,0
2951,0
2952,0
2953,0
2954,0
2955,0
2956,0
2957,0
2958,0
2959,0
2960,0
2961,0
2962,1
2963,1
2964,0
2965,0
2966,0
2967,0
2968,0
2969,0
2970,0
2971,0
2972,0
2973,1
2974,0
2975,0
2976,0
2977,0
2978,0
2979,0
2980,0
2981,0
2982,0
2983,0
2984,0
2985,0
2986,0
2987,0
2988,0
2989,0
2990,0
2991,1
2992,0
2993,1
2994,0
2995,0
2996,0
2997,0
2998,1
2999,0
3000,0
3001,0
3002,0
3003,0
3004,1
3005,0
3006,0
3007,0
3008,0
3009,0
3010,0
3011,0
3012,0
3013,1
3014,0
3015,0
3016,1
3017,1
3018,0
3019,0
3020,0
3021,1
3022,0
3023,0
3024,0
3025,0
3026,0
3027,0
3028,0
3029,0
3030,0
3031,0
3032,0
3033,0
3034,0
3035,0
3036,1
3037,0
3038,1
3039,0
3040,0
3041,0
3042,1
3043,0
3044,0
3045,0
3046,0
3047,0
3048,0
3049,1
3050,0
3051,0
3052,1
3053,0
3054,0
3055,1
3056,0
3057,0
3058,0
3059,0
3060,0
3061,0
3062,0
3063,0
3064,1
3065,0
3066,1
3067,0
3068,0
3069,0
3070,0
3071,0
3072,0
3073,0
3074,0
3075,1
3076,0
3077,0
3078,0
3079,0
3080,0
3081,1
3082,0
3083,1
3084,0
3085,0
3086,0
3087,0
3088,1
3089,0
3090,1
3091,0
3092,0
3093,0
3094,0
3095,0
3096,0
3097,1
3098,1
3099,0
3100,0
3101,0
3102,0
3103,0
3104,0
3105,1
3106,1
3107,0
3108,0
3109,0
3110,0
3111,0
3112,0
3113,0
3114,0
3115,0
3116,0
3117,0
3118,0
3119,0
3120,0
3121,0
3122,1
3123,0
3124,0
3125,0
3126,0
3127,0
3128,0
3129,1
3130,0
3131,0
3132,0
3133,0
3134,0
3135,0
3136,0
3137,0
3138,1
3139,0
3140,1
3141,0
3142,0
3143,0
3144,1
3145,0
3146,0
3147,0
3148,0
3149,0
3150,0
3151,0
3152,1
3153,0
3154,0
3155,1
3156,0
3157,1
3158,0
3159,0
3160,1
3161,0
3162,0
3163,0
3164,1
3165,1
3166,0
3167,0
3168,0
3169,0
3170,1
3171,0
3172,1
3173,1
3174,0
3175,1
3176,0
3177,0
3178,0
3179,1
3180,0
3181,0
3182,0
3183,0
3184,0
3185,0
3186,0
3187,1
3188,0
3189,0
3190,0
3191,0
3192,0
3193,0
3194,0
3195,0
3196,0
3197,0
3198,0
3199,1
3200,0
3201,0
3202,0
3203,0
3204,0
3205,0
3206,0
3207,0
3208,0
3209,0
3210,0
3211,0
3212,1
3213,0
3214,1
3215,0
3216,0
3217,1
3218,1
3219,1
3220,0
3221,1
3222,0
3223,1
3224,1
3225,1
3226,1
3227,1
3228,1
3229,0
3230,0
3231,0
3232,0
3233,1
3234,1
3235,1
3236,1
3237,1
3238,1
3239,1
3240,1
3241,1
3242,1
3243,0
3244,0
3245,1
3246,1
3247,1
3248,1
3249,1
3250,0
3251,0
3252,0
3253,0
3254,0
3255,0
3256,0
3257,0
3258,0
3259,0
3260,0
3261,0
3262,0
3263,0
3264,0
3265,1
3266,0
3267,1
3268,0
3269,0
3270,0
3271,0
3272,0
3273,1
3274,0
3275,0
3276,0
3277,1
3278,0
3279,0
3280,0
3281,0
3282,0
3283,0
3284,1
3285,0
3286,0
3287,0
3288,0
3289,0
3290,1
3291,0
3292,0
3293,0
3294,0
3295,0
3296,0
3297,0
3298,0
3299,0
3300,0
3301,0
3302,0
3303,1
3304,0
3305,0
3306,0
3307,0
3308,0
3309,0
3310,1
3311,0
3312,0
3313,0
3314,0
3315,0
3316,0
3317,0
3318,0
3319,0
3320,0
3321,1
3322,0
3323,0
3324,0
3325,0
3326,0
3327,0
3328,0
3329,0
3330,0
3331,0
3332,0
3333,0
3334,0
3335,0
3336,1
3337,0
3338,0
3339,0
3340,0
3341,0
3342,0
3343,0
3344,0
3345,0
3346,0
3347,0
3348,0
3349,0
3350,0
3351,0
3352,1
3353,0
3354,1
3355,1
3356,0
3357,0
3358,0
3359,0
3360,0
3361,0
3362,0
3363,0
3364,0
3365,0
3366,0
3367,0
3368,0
3369,0
3370,0
3371,1
3372,0
3373,0
3374,0
3375,1
3376,0
3377,0
3378,0
3379,0
3380,0
3381,0
3382,0
3383,0
3384,0
3385,0
3386,0
3387,0
3388,0
3389,0
3390,0
3391,0
3392,0
3393,0
3394,0
3395,0
3396,0
3397,0
3398,0
3399,0
3400,0
3401,0
3402,0
3403,0
3404,1
3405,0
3406,0
3407,0
3408,0
3409,0
3410,0
3411,0
3412,0
3413,1
3414,0
3415,0
3416,0
3417,0
3418,0
3419,1
3420,0
3421,0
3422,0
3423,0
3424,0
3425,0
3426,0
3427,0
3428,0
3429,0
3430,1
3431,0
3432,0
3433,0
3434,0
3435,0
3436,0
3437,0
3438,1
3439,0
3440,0
3441,0
3442,0
3443,0
3444,0
3445,0
3446,0
3447,0
3448,0
3449,0
3450,1
3451,0
3452,0
3453,0
3454,0
3455,0
3456,0
3457,0
3458,0
3459,0
3460,0
3461,0
3462,0
3463,0
3464,0
3465,0
3466,0
3467,0
3468,0
3469,0
3470,0
3471,0
3472,0
3473,0
3474,0
3475,1
3476,1
3477,1
3478,0
3479,0
3480,0
3481,0
3482,0
3483,0
3484,0
3485,1
3486,0
3487,0
3488,0
3489,0
3490,0
3491,0
3492,0
3493,0
3494,0
3495,0
3496,1
3497,0
3498,0
3499,0
3500,0
3501,0
3502,0
3503,0
3504,0
3505,0
3506,0
3507,0
3508,0
3509,0
3510,0
3511,0
3512,0
3513,0
3514,0
3515,0
3516,0
3517,0
3518,0
3519,0
3520,0
3521,0
3522,0
3523,0
3524,1
3525,0
3526,0
3527,0
3528,0
3529,0
3530,0
3531,0
3532,0
3533,0
3534,0
3535,0
3536,0
3537,1
3538,0
3539,1
3540,0
3541,0
3542,1
3543,0
3544,0
3545,0
3546,0
3547,0
3548,0
3549,1
3550,1
3551,0
3552,0
3553,0
3554,0
3555,1
3556,0
3557,0
3558,0
3559,0
3560,0
3561,1
3562,0
3563,1
3564,1
3565,1
3566,0
3567,1
3568,0
3569,0
3570,0
3571,1
3572,0
3573,1
3574,1
3575,1
3576,0
3577,1
3578,0
3579,0
3580,0
3581,0
3582,0
3583,0
3584,0
3585,0
3586,0
3587,0
3588,0
3589,0
3590,0
3591,0
3592,0
3593,0
3594,0
3595,0
3596,0
3597,0
3598,0
3599,0
3600,1
3601,0
3602,1
3603,0
3604,1
3605,0
3606,0
3607,0
3608,1
3609,0
3610,0
3611,0
3612,0
3613,0
3614,1
3615,0
3616,0
3617,0
3618,0
3619,0
3620,0
3621,0
3622,0
3623,1
3624,0
3625,1
3626,0
3627,0
3628,0
3629,0
3630,0
3631,0
3632,0
3633,0
3634,0
3635,0
3636,0
3637,1
3638,0
3639,0
3640,0
3641,1
3642,0
3643,0
3644,1
3645,0
3646,0
3647,0
3648,1
3649,0
3650,0
3651,0
3652,0
3653,0
3654,1
3655,0
3656,0
3657,0
3658,0
3659,1
3660,0
3661,0
3662,0
3663,0
3664,0
3665,1
3666,1
3667,1
3668,1
3669,0
3670,1
3671,1
3672,1
3673,1
3674,1
3675,0
3676,0
3677,1
3678,0
3679,0
3680,0
3681,0
3682,0
3683,0
3684,0
3685,0
3686,1
3687,0
3688,0
3689,0
3690,1
3691,0
3692,0
3693,0
3694,0
3695,0
3696,0
3697,0
3698,0
3699,0
3700,1
3701,0
3702,0
3703,0
3704,0
3705,0
3706,0
3707,0
3708,0
3709,0
3710,1
3711,0
3712,0
3713,0
3714,0
3715,0
3716,0
3717,1
3718,0
3719,0
3720,1
3721,0
3722,0
3723,1
3724,0
3725,0
3726,0
3727,0
3728,0
3729,0
3730,0
3731,1
3732,0
3733,0
3734,0
3735,1
3736,0
3737,0
3738,0
3739,0
3740,0
3741,0
3742,0
3743,0
3744,0
3745,0
3746,1
3747,0
3748,0
3749,0
3750,0
3751,0
3752,0
3753,0
3754,1
3755,0
3756,0
3757,0
3758,0
3759,0
3760,0
3761,1
3762,0
3763,0
3764,1
3765,0
3766,0
3767,0
3768,0
3769,0
3770,1
3771,0
3772,0
3773,0
3774,0
3775,0
3776,0
3777,0
3778,1
3779,0
3780,0
3781,0
3782,0
3783,0
3784,0
3785,0
3786,0
3787,0
3788,0
3789,0
3790,0
3791,0
3792,0
3793,0
3794,0
3795,0
3796,0
3797,1
3798,0
3799,0
3800,0
3801,0
3802,0
3803,1
3804,0
3805,1
3806,0
3807,1
3808,1
3809,0
3810,0
3811,1
3812,0
3813,0
3814,0
3815,0
3816,0
3817,0
3818,0
3819,0
3820,0
3821,1
3822,0
3823,1
3824,0
3825,0
3826,0
3827,0
3828,0
3829,0
3830,0
3831,1
3832,0
3833,0
3834,0
3835,0
3836,0
3837,0
3838,0
3839,0
3840,0
3841,0
3842,0
3843,1
3844,0
3845,0
3846,0
3847,0
3848,0
3849,0
3850,0
3851,0
3852,0
3853,0
3854,1
3855,0
3856,0
3857,0
3858,0
3859,0
3860,0
3861,0
3862,1
3863,0
3864,0
3865,0
3866,0
3867,0
3868,0
3869,0
3870,0
3871,0
3872,0
3873,0
3874,0
3875,0
3876,0
3877,0
3878,0
3879,0
3880,0
3881,1
3882,0
3883,0
3884,0
3885,0
3886,0
3887,0
3888,0
3889,0
3890,0
3891,0
3892,0
3893,0
3894,0
3895,0
3896,0
3897,0
3898,0
3899,0
3900,0
3901,0
3902,0
3903,0
3904,0
3905,0
3906,0
3907,0
3908,1
3909,0
3910,0
3911,0
3912,1
3913,1
3914,1
3915,0
3916,0
3917,0
3918,0
3919,0
3920,0
3921,0
3922,1
3923,1
3924,0
3925,0
3926,0
3927,0
3928,0
3929,0
3930,0
3931,0
3932,0
3933,0
3934,0
3935,0
3936,0
3937,1
3938,0
3939,1
3940,0
3941,0
3942,0
3943,1
3944,0
3945,1
3946,1
3947,1
3948,0
3949,0
3950,1
3951,0
3952,0
3953,0
3954,0
3955,0
3956,0
3957,0
3958,0
3959,0
3960,0
3961,0
3962,1
3963,1
3964,0
3965,0
3966,0
3967,0
3968,0
3969,0
3970,0
3971,0
3972,0
3973,0
3974,0
3975,0
3976,0
3977,0
3978,0
3979,0
3980,0
3981,0
3982,0
3983,0
3984,0
3985,0
3986,0
3987,0
3988,0
3989,0
3990,0
3991,0
3992,1
3993,0
3994,0
3995,0
3996,0
3997,0
3998,0
3999,0
4000,0
4001,0
4002,0
4003,1
4004,0
4005,0
4006,0
4007,0
4008,0
4009,0
4010,0
4011,0
4012,0
4013,0
4014,0
4015,0
4016,0
4017,0
4018,0
4019,0
4020,0
4021,0
4022,0
4023,0
4024,0
4025,0
4026,0
4027,0
4028,1
4029,0
4030,0
4031,0
4032,0
4033,0
4034,0
4035,0
4036,0
4037,0
4038,0
4039,0
4040,0
4041,0
4042,0
4043,0
4044,0
4045,0
4046,0
4047,0
4048,0
4049,0
4050,0
4051,0
4052,0
4053,0
4054,1
4055,0
4056,0
4057,0
4058,0
4059,0
4060,0
4061,0
4062,0
4063,0
4064,0
4065,0
4066,0
4067,0
4068,0
4069,0
4070,1
4071,0
4072,0
4073,1
4074,0
4075,0
4076,0
4077,0
4078,0
4079,0
4080,0
4081,1
4082,0
4083,0
4084,0
4085,1
4086,0
4087,0
4088,0
4089,0
4090,0
4091,0
4092,0
4093,0
4094,0
4095,0
4096,0
4097,0
4098,0
4099,1
4100,1
4101,1
4102,1
4103,0
4104,0
4105,0
4106,0
4107,0
4108,0
4109,0
4110,0
4111,0
4112,0
4113,0
4114,0
4115,0
4116,0
4117,0
4118,0
4119,0
4120,0
4121,1
4122,0
4123,0
4124,0
4125,0
4126,0
4127,0
4128,0
4129,0
4130,1
4131,0
4132,0
4133,0
4134,1
4135,0
4136,0
4137,1
4138,0
4139,1
4140,0
4141,0
4142,0
4143,0
4144,0
4145,0
4146,0
4147,0
4148,0
4149,0
4150,0
4151,0
4152,0
4153,0
4154,0
4155,0
4156,0
4157,0
4158,0
4159,0
4160,0
4161,0
4162,0
4163,0
4164,0
4165,0
4166,0
4167,1
4168,1
4169,0
4170,0
4171,0
4172,1
4173,0
4174,1
4175,0
4176,0
4177,0
4178,0
4179,0
4180,0
4181,0
4182,0
4183,0
4184,0
4185,0
4186,0
4187,0
4188,0
4189,0
4190,0
4191,1
4192,1
4193,0
4194,1
4195,0
4196,0
4197,0
4198,0
4199,0
4200,0
4201,0
4202,0
4203,0
4204,0
4205,1
4206,0
4207,0
4208,1
4209,0
4210,1
4211,0
4212,0
4213,0
4214,0
4215,0
4216,0
4217,0
4218,0
4219,0
4220,1
4221,0
4222,0
4223,1
4224,1
4225,0
4226,0
4227,0
4228,0
4229,1
4230,1
4231,0
4232,0
4233,0
4234,0
4235,0
4236,0
4237,0
4238,1
4239,0
4240,0
4241,1
4242,0
4243,0
4244,0
4245,0
4246,0
4247,0
4248,0
4249,0
4250,0
4251,1
4252,0
4253,0
4254,0
4255,0
4256,0
4257,0
4258,0
4259,0
4260,0
4261,0
4262,0
4263,0
4264,1
4265,0
4266,0
4267,0
4268,0
4269,0
4270,0
4271,0
4272,1
